domain,ok,n_pages,chars,reason
123sofom.com,0,0,0,sin_contenido_util__escalar_a_capa_B_agentica
1oncefinanzas.com,1,5,34728,
2514m.com,1,5,39567,
3galianza.com,1,3,11718,
a55.com.mx,1,4,14327,
abbe.com.mx,1,2,17382,
abdfinancials.com,0,0,0,sin_contenido_util__escalar_a_capa_B_agentica
abonitos.com,1,5,17868,
accedde.com,1,4,15660,
accedesofom.com,1,2,28894,
accender.com.mx,1,1,7883,
accessk.com.mx,1,2,9217,
acciona.com,1,5,189313,
acdirecto.net,0,0,0,sin_contenido_util__escalar_a_capa_B_agentica
aceleradoraadrenalina.com,1,1,1595,
aceleradoradamasco.com,1,2,17214,
aceleradorapremier.com.mx,1,2,7501,
acercate.org.mx,0,0,0,sin_contenido_util__escalar_a_capa_B_agentica
acervo.mx,1,1,6799,
acfin.mx,1,1,356,
acrese.com.mx,1,1,5243,
acsein.mx,1,2,10335,
actividadesabc.com,0,0,0,sin_contenido_util__escalar_a_capa_B_agentica
activos-central-leasing.com,1,5,11016,
activosaxxismx.com,0,0,0,sin_contenido_util__escalar_a_capa_B_agentica
adamantine.com.mx,1,3,30959,
addemcapital.mx,1,6,53251,
addendafinanciera.mx,1,5,70820,
adelantemx.com,0,0,0,sin_contenido_util__escalar_a_capa_B_agentica
adelantoya.com,1,5,24521,
adeusis.com,1,4,22078,
administradora-aristo.com.mx,1,3,43403,
administradorasegumex.com,0,0,0,sin_contenido_util__escalar_a_capa_B_agentica
afalianza.com,1,5,17263,
affluentefinanciero.mx,0,0,0,sin_contenido_util__escalar_a_capa_B_agentica
afflux.mx,1,5,36859,
afganicredisocial.mx,1,2,8958,
afingana.com,1,5,29275,
afipyme.com,1,4,21860,
afirme.com,0,0,0,sin_contenido_util__escalar_a_capa_B_agentica
afisofom.com,1,2,66839,
afix.com.mx,1,5,30817,
agilfinanciera.com,1,2,13770,
agrocapital.com.mx,1,3,7465,
agroentreprenor.com.mx,1,5,55694,
agrofin.com.mx,0,0,0,sin_contenido_util__escalar_a_capa_B_agentica
agrofinanciera.com.mx,1,5,21629,
agrofinancierasofom.com,1,2,18974,
agrofinmex.com,1,2,4261,
agroimpulso-express.com,0,0,0,sin_contenido_util__escalar_a_capa_B_agentica
agrolagos.com.mx,1,1,5237,
agrosofom.com,1,5,98841,
aguila-digital.com,0,0,0,sin_contenido_util__escalar_a_capa_B_agentica
ainsofom.com,1,1,3591,
aion.com.mx,1,1,5503,
aktivafinanciera.com,1,6,114605,
alanacapital.com,0,0,0,sin_contenido_util__escalar_a_capa_B_agentica
alaprestamo.com,1,1,36066,
alcanacapital.com,1,4,19088,
aldej.com,1,4,20032,
alderiva.com.mx,0,0,0,sin_contenido_util__escalar_a_capa_B_agentica
alfilrdh.com,0,0,0,sin_contenido_util__escalar_a_capa_B_agentica
alianzafamiliar.mx,1,5,12854,
alianzatarasca.com,0,0,0,sin_contenido_util__escalar_a_capa_B_agentica
alifincapital.com,1,1,163,
aliviocapital.com,0,0,0,sin_contenido_util__escalar_a_capa_B_agentica
alkacapitals.mx,1,4,33635,
alpezsf.com,1,1,9752,
alradelsur.com,0,0,0,sin_contenido_util__escalar_a_capa_B_agentica
alternacapital.com.mx,1,1,4354,
alternativa-financiera.mx,0,0,0,sin_contenido_util__escalar_a_capa_B_agentica
alternativaennegocios.com,1,1,7549,
alternativaoportuna.com,1,1,7890,
alternativasdecapital.net,0,0,0,sin_contenido_util__escalar_a_capa_B_agentica
alternativasfinancieras.mx,0,0,0,sin_contenido_util__escalar_a_capa_B_agentica
altitudsofom.com,1,1,8062,
altoimpactorural.com.mx,1,4,13815,
altumcapital.mx,1,6,44536,
aluxcapital.mx,1,5,40344,
amehuan.com,1,2,7435,
amerestrategiafinanciera.com,0,0,0,sin_contenido_util__escalar_a_capa_B_agentica
americafin.com,1,3,18649,
amicorp.com,1,6,176533,
amifin.com.mx,1,2,9602,
amn.mx,1,5,28448,
ampartners.com.mx,1,3,8360,
amvissofom.com,1,5,19853,
ancapital.mx,1,5,37662,
ancil.mx,0,0,0,sin_contenido_util__escalar_a_capa_B_agentica
anducam.webnode.page,1,3,8331,
angeluscertum.com,1,2,11617,
anjolin.mx,1,1,242,
aoracapital.com,1,5,125266,
apolooportunidades.com,0,0,0,sin_contenido_util__escalar_a_capa_B_agentica
apoyoalaeducacion.com,1,5,27215,
apoyobasicocomercial.com.mx,0,0,0,sin_contenido_util__escalar_a_capa_B_agentica
apoyoeconomico.com.mx,1,1,4685,
apoyoenelcamino.com.mx,1,5,45337,
apoyosdecapital.com,1,1,5029,
apoyosgubafintech.com,0,0,0,sin_contenido_util__escalar_a_capa_B_agentica
apoyosofom.com,1,1,5204,
apoyoyliquidez.com,1,4,43383,
aprecia.com.mx,1,5,41534,
apxfinanzas.com,1,1,3867,
aqpatrimonial.com,1,6,32136,
ar18.mx,1,4,14102,
arcafinanciera.com,1,4,9862,
arcal-sofom.com.mx,1,3,5582,
arcofinanciera.mx,1,2,10697,
arez-financiera.com.mx,0,0,0,sin_contenido_util__escalar_a_capa_B_agentica
arfega.com,1,1,2031,
argentariisolutions.com,1,5,55808,
ariessofom.mx,0,0,0,sin_contenido_util__escalar_a_capa_B_agentica
arlav.mx,1,3,16625,
arrendamas.com,1,1,13580,
arrendatek.com,1,2,31647,
arsesa.com.mx,0,0,0,sin_contenido_util__escalar_a_capa_B_agentica
arvliquidez.com,0,0,0,sin_contenido_util__escalar_a_capa_B_agentica
asafimx.com,1,1,10322,
asefimex.com,1,4,28070,
asfa.com.mx,1,6,39453,
asfnomina.com,1,1,16238,
asnsofom.com,1,4,26154,
aspiria.mx,0,0,0,sin_contenido_util__escalar_a_capa_B_agentica
ategra.com.mx,0,0,0,sin_contenido_util__escalar_a_capa_B_agentica
athainteligencia.com,1,5,18570,
atilafinanciera.com,1,5,42434,
atpsofom.mx,1,1,2682,
atrevus.mx,0,0,0,sin_contenido_util__escalar_a_capa_B_agentica
attendo.com.mx,1,1,5873,
atucrecer.com,0,0,0,sin_contenido_util__escalar_a_capa_B_agentica
aumentandotualcance.com,0,0,0,sin_contenido_util__escalar_a_capa_B_agentica
aumentoulta.com,0,0,0,sin_contenido_util__escalar_a_capa_B_agentica
autlan.com.mx,1,5,53474,
autoexpressinbursa.com,1,5,58117,
avancefi.com,1,4,36639,
avanpina.com.mx,0,0,0,sin_contenido_util__escalar_a_capa_B_agentica
avantefuture.com.mx,1,5,29150,
avantta.mx,1,5,67051,
avanza.mx,1,1,3380,
avanzafin.com.mx,1,2,7348,
avanzasolido.com.mx,1,1,4229,
avefin.com,1,3,27921,
avivacredito.com,1,5,67774,
axionex.com,0,0,0,sin_contenido_util__escalar_a_capa_B_agentica
axtum.com.mx,1,5,48890,
axus.mx,1,1,8205,
ayados.mx,1,3,3140,
ayneca.com,1,5,27425,
ayopsa.com,1,5,31474,
ayudaexpress.com.mx,1,2,8087,
ayudayarmonia.mx,1,1,5354,
b11innovacionfinanciera.mx,0,0,0,sin_contenido_util__escalar_a_capa_B_agentica
bailmax.com.mx,1,1,9963,
balor.mx,1,4,21081,
bancobase.com,1,6,79023,
bancrea.com,1,6,191620,
banorte.com,1,6,879282,
banx.mx,1,4,10611,
baransi.com.mx,1,5,29871,
baubap.com,1,4,89028,
bavomemx.com,0,0,0,sin_contenido_util__escalar_a_capa_B_agentica
bbpcapital.com,1,1,5601,
benefitt.com.mx,0,0,0,sin_contenido_util__escalar_a_capa_B_agentica
bestcapital.com.mx,1,6,53112,
biahipotecaria.mx,1,2,17824,
bienparabien.com,0,0,0,sin_contenido_util__escalar_a_capa_B_agentica
bifinanciera.mx,0,0,0,sin_contenido_util__escalar_a_capa_B_agentica
biggoo.com.mx,1,1,159,
binbrokerse.com,0,0,0,sin_contenido_util__escalar_a_capa_B_agentica
bincomx.com,1,5,21465,
bioenova.com,1,2,5625,
bircon.com.mx,1,3,35304,
biserprocesos.online,1,5,11218,
bishamwealth.com,0,0,0,sin_contenido_util__escalar_a_capa_B_agentica
bitechisoluciones.com,1,6,37892,
blankfein.mx,1,1,9718,
blucapital.mx,1,5,17228,
bluecapital.mx,0,0,0,sin_contenido_util__escalar_a_capa_B_agentica
bmwfs.com.mx,1,2,20936,
bndefi.com,0,0,0,sin_contenido_util__escalar_a_capa_B_agentica
bockdefi.com,1,4,12986,
bogjiyusan.com.mx,1,4,26629,
boldmoves.com.mx,1,2,11734,
bonaterra.com.mx,1,6,33510,
booster.capital,1,1,12483,
bordercredit.com,1,6,36031,
bpfinanciera.com,1,4,17707,
braskem.com,0,0,0,sin_contenido_util__escalar_a_capa_B_agentica
brazodecapital.com.mx,1,2,49167,
brcapitalinteligente.com,1,4,10991,
bretoncapital.com.mx,1,4,10992,
brettonwoodsmx.com,0,0,0,sin_contenido_util__escalar_a_capa_B_agentica
bridge.mx,1,1,18075,
brinks.com,1,6,205389,
britagu.com,1,5,11972,
btgpactual.mx,1,1,6242,
btmsofom.com,1,5,11459,
bton77.com,1,5,32789,
burgosfinancial.com.mx,1,1,13858,
cabottcapital.mx,1,1,1991,
cadofi.mx,1,5,8007,
calfer.mx,0,0,0,sin_contenido_util__escalar_a_capa_B_agentica
calidadpatrimonial.com,1,1,8309,
candelariasoluciones.com,1,1,5375,
capfinsofom.com,1,5,20008,
capifiasofom.com,0,0,0,sin_contenido_util__escalar_a_capa_B_agentica
capitalagricola.com.mx,1,1,8255,
capitalatufavor.mx,1,2,10442,
capitalesdelpais.com,1,4,37960,
capitalizaturetiro.com,1,1,7503,
capitalrapido.mx,1,5,25092,
capitalrecio.com,1,1,4311,
capitalsaludable.com.mx,1,2,8331,
capitalspica.com.mx,0,0,0,sin_contenido_util__escalar_a_capa_B_agentica
capitaltay.com,1,1,8782,
capitaltech.com,1,1,19947,
capix.mx,1,5,17940,
caprepaevo.com,1,3,67630,
capsofin.com,1,5,26518,
cargill.com.mx,1,1,11730,
carteradeoportunidades.com,1,2,31256,
casadeoroq.com,1,5,21110,
casdier.com,1,5,29779,
cashfin.com,0,0,0,sin_contenido_util__escalar_a_capa_B_agentica
cat.com,1,6,292666,
cefemexcapital.mx,1,6,37886,
cehecupi.com,1,5,15141,
cercanio.com.mx,0,0,0,sin_contenido_util__escalar_a_capa_B_agentica
certiaimpulsa.com.mx,1,2,10930,
cfsoul.com,1,1,6697,
chcapital.mx,1,1,5232,
cincodos.com,1,1,13770,
clara.com,1,5,87096,
clcapital.mx,1,6,52463,
clickseguridad.com,1,5,71312,
cmcrecimiento.com,1,2,19519,
cmutualia.mx,1,4,33694,
cocdep.com,1,4,19425,
cochinitodemexico.com,1,1,1920,
cofeti.mx,1,1,9987,
cofine.com.mx,0,0,0,sin_contenido_util__escalar_a_capa_B_agentica
coinmexico.com,0,0,0,sin_contenido_util__escalar_a_capa_B_agentica
comerciosafiliados.com,1,5,55109,
confiamag.com.mx,0,0,0,sin_contenido_util__escalar_a_capa_B_agentica
confianegocios.com,0,0,0,sin_contenido_util__escalar_a_capa_B_agentica
confianzaentuproyecto.com,1,4,23178,
conficreosofom.com,0,0,0,sin_contenido_util__escalar_a_capa_B_agentica
conquerserviciosfinancieros.com,1,2,15662,
consede.com.mx,1,2,11992,
conserva.com.mx,1,4,58768,
consolidandoesfuerzos.mx,1,1,4841,
consolnegocios.com,1,1,6849,
consufin.com.mx,1,1,6134,
consumerbl.mx,0,0,0,sin_contenido_util__escalar_a_capa_B_agentica
consupago.com,1,4,16206,
convivefinanciera.com,1,5,28097,
coprofin.jimdofree.com,1,1,3742,
coronus.mx,1,1,40870,
corporacionfina.com,0,0,0,sin_contenido_util__escalar_a_capa_B_agentica
corporativogrosel.com,0,0,0,sin_contenido_util__escalar_a_capa_B_agentica
corporativovida.com,1,1,12286,
coztyc.com,1,3,28727,
cpssofom.mx,1,2,15643,
cqsv.mx,1,5,27404,
crarrefac.com,0,0,0,sin_contenido_util__escalar_a_capa_B_agentica
crarvox.com,0,0,0,sin_contenido_util__escalar_a_capa_B_agentica
creafyn.mx,1,4,46265,
creativosofom.mx,1,5,39116,
creceenlace.com,1,1,7673,
creciendojuntosdezega.com,0,0,0,sin_contenido_util__escalar_a_capa_B_agentica
crecimientocalculado.com,0,0,0,sin_contenido_util__escalar_a_capa_B_agentica
crecimientoincentivo.com,0,0,0,sin_contenido_util__escalar_a_capa_B_agentica
creconfi.com.mx,1,1,528,
credenz.com.mx,1,6,89032,
credi-plus.mx,1,4,32187,
credi5.mx,1,1,8130,
credialegra.mx,1,4,21140,
crediamigo.com.mx,1,3,24587,
credian.mx,1,3,16844,
crediapoyo.com.mx,1,3,33948,
crediavance.com.mx,1,5,22953,
credicam.com,1,6,57837,
credicampo.com.mx,0,0,0,sin_contenido_util__escalar_a_capa_B_agentica
credicaor.com,1,1,3111,
credicer.mx,1,5,12971,
credicia.com,0,0,0,sin_contenido_util__escalar_a_capa_B_agentica
crediconfia.com,1,2,15175,
credicrece.com.mx,1,2,18721,
credifacilsofom.com,1,5,37964,
credifiel.com.mx,1,1,8309,
credifom.com.mx,1,1,17563,
credifort.com,1,4,21128,
crediforza.mx,1,4,17437,
credigilsa.com.mx,1,5,42351,
credignt.mx,1,1,5733,
credihoy.mx,0,0,0,sin_contenido_util__escalar_a_capa_B_agentica
credijal.com.mx,1,1,9549,
credilab.com.mx,1,5,51429,
credilazos.com.mx,1,1,3408,
credilex.mx,1,4,20615,
credilike.me,1,5,68382,
credimagno.com.mx,1,1,2868,
credimon.com,1,2,20101,
credinicia.com,0,0,0,sin_contenido_util__escalar_a_capa_B_agentica
credinom.mx,1,1,9332,
credinorte.com.mx,0,0,0,sin_contenido_util__escalar_a_capa_B_agentica
credipass.com.mx,0,0,0,sin_contenido_util__escalar_a_capa_B_agentica
crediplata.com,1,5,79074,
crediquincena.com,1,4,30905,
crediselect.com,1,2,14688,
credisoluciones.com,1,5,71804,
creditas.mx,1,2,17200,
creditea.mx,1,1,13410,
creditline.com.mx,1,2,4067,
creditoagil.mx,1,4,29187,
creditodirecto.mx,1,1,5458,
creditoespecializado.com,1,4,20950,
creditofacil.com.mx,0,0,0,sin_contenido_util__escalar_a_capa_B_agentica
creditolunamx.com,0,0,0,sin_contenido_util__escalar_a_capa_B_agentica
creditomaestro.com,0,0,0,sin_contenido_util__escalar_a_capa_B_agentica
creditoparacrecer.com,1,5,52546,
creditoparati.com.mx,1,6,123298,
creditoplanreal.com.mx,1,3,19067,
creditoprimero.com.mx,1,4,33217,
creditoprospera.com,1,1,3215,
creditorilsa.com.mx,1,3,16922,
creditosanborja.com.mx,1,1,307,
creditosformales.mx,1,1,3788,
creditosobrenomina.com,0,0,0,sin_contenido_util__escalar_a_capa_B_agentica
creditounicco.com.mx,1,5,108944,
creditoutil.com.mx,1,4,15743,
creditpro.com.mx,0,0,0,sin_contenido_util__escalar_a_capa_B_agentica
creditrune.com,1,1,4235,
credivive.com.mx,1,5,47134,
credix.com.mx,1,2,18141,
credmex.mx,1,1,24571,
creectarjetaempresarial.com,1,2,22428,
crenorsofom.com,1,5,18876,
crenx.com,1,6,53415,
cresca.com.mx,1,6,61789,
creser.com.mx,1,1,8468,
crezcahoy.com,1,5,23855,
creze.com,1,5,85599,
cristafin.mx,1,1,3866,
cromacapital.mx,0,0,0,sin_contenido_util__escalar_a_capa_B_agentica
cronos.financial,1,5,59325,
cruse.com.mx,1,1,12720,
cruzdelsol.mx,1,2,10266,
csckp.mx,1,2,12405,
cualli.mx,1,6,86479,
cufrisa.com,1,1,3679,
cumplo.com,1,3,25951,
cwhcerteza.com.mx,0,0,0,sin_contenido_util__escalar_a_capa_B_agentica
daabsofom.com,1,3,5112,
daehipotecaria.com.mx,1,1,14459,
dagsf.com.mx,1,2,4478,
daimlertruck-financialservices.mx,0,0,0,sin_contenido_util__escalar_a_capa_B_agentica
dancreditoexpress.com,1,5,60985,
danisofom.com,1,5,38235,
dd360.mx,1,1,111,
dealcorp.mx,1,5,24395,
decapital.com.mx,1,2,10745,
deprofam.com,1,5,31984,
derosamj.com,0,0,0,sin_contenido_util__escalar_a_capa_B_agentica
desarrollarte.mx,1,1,6936,
desarrollocreditosustentable.com,1,2,4055,
desarrollolakshmi.com,1,4,20313,
desarrolloprofesionalobelix.com,1,1,6658,
despliegueevolutivo.com.mx,1,5,19874,
diexell.com,1,5,14921,
digalelite.com.mx,1,4,19612,
digitalmoneybox.mx,1,1,4829,
dimex.mx,1,1,1051,
dinamicasolidaria.com,1,5,34549,
dinerito.com,1,1,49232,
dinerofacilyrapido.com.mx,0,0,0,sin_contenido_util__escalar_a_capa_B_agentica
dineroluz.com,0,0,0,sin_contenido_util__escalar_a_capa_B_agentica
dineroparacrecer.mx,1,5,21996,
disioperaciones.com,1,5,42372,
dispersoramenonita.com,0,0,0,sin_contenido_util__escalar_a_capa_B_agentica
divinodinero.com.mx,1,2,48385,
djfinanzaspopulares.com,1,2,49327,
dllgroup.com,1,6,126710,
dnoplus.com.mx,1,2,3632,
dpcard.mx,1,6,48620,
dpccapital.mx,1,2,23727,
dracmacapitals.com,0,0,0,sin_contenido_util__escalar_a_capa_B_agentica
dram.capital,1,2,17828,
drexsoluciones.com,1,2,12109,
duxifinanzas.com,1,3,58488,
dx3.mx,1,2,18457,
easyindividualsolutions.com,1,1,1550,
economika.com.mx,0,0,0,sin_contenido_util__escalar_a_capa_B_agentica
edukpro.com,1,4,9206,
edupass.mx,1,5,91274,
edyencapital.com,0,0,0,sin_contenido_util__escalar_a_capa_B_agentica
efactornetwork.com,1,5,37465,
efccapital.mx,1,3,13767,
efim.com,1,2,21428,
efxfinancing.com,1,1,5103,
ekon.ws,1,5,53994,
eldefiar.com,1,1,7933,
elementfleet.com.mx,1,2,40743,
elevaoportunidades.com.mx,1,1,10118,
eliteempresarial.com.mx,0,0,0,sin_contenido_util__escalar_a_capa_B_agentica
elitrafinanciera.com,1,4,21755,
emaxfinancial.mx,1,4,55349,
emercredit.mx,0,0,0,sin_contenido_util__escalar_a_capa_B_agentica
emprendamosfin.com,1,5,51094,
emprendeconcredito.mx,1,1,7293,
emprendefinanciera.com,0,0,0,sin_contenido_util__escalar_a_capa_B_agentica
emprendemas.mx,1,6,128773,
empujeeconomico.com,1,1,2293,
energiaproactiva.work,0,0,0,sin_contenido_util__escalar_a_capa_B_agentica
enfor.com.mx,1,5,15227,
engen.com.mx,1,4,27153,
enlacepanam.com,0,0,0,sin_contenido_util__escalar_a_capa_B_agentica
episofom.com,1,2,12721,
equitylink.com.mx,1,5,53259,
eramood-technology.com,0,0,0,sin_contenido_util__escalar_a_capa_B_agentica
ercapitalservices.com,1,5,34775,
escalacapital.com.mx,1,1,2717,
estructuraindigo.com,0,0,0,sin_contenido_util__escalar_a_capa_B_agentica
etmsofom.com,0,0,0,sin_contenido_util__escalar_a_capa_B_agentica
everthink.mx,1,4,18454,
evolfinmx.com,1,2,15525,
evolucionafinanciera.com,1,4,24086,
exante.mx,1,5,75781,
exelero.com.mx,1,1,2577,
exituscapital.com,1,6,115422,
exituscredit.com,1,1,4203,
exka.com.mx,1,5,37642,
expendedoraganancia.com,1,3,14183,
expertox.com.mx,0,0,0,sin_contenido_util__escalar_a_capa_B_agentica
f1npulsa.com.mx,1,2,10270,
fabezservicios.com,1,5,22992,
facapital.mx,1,3,40740,
facicasa.com.mx,1,5,19740,
facilitarecursos.com,1,5,11396,
factorexpres.com,1,5,29677,
factorgfc.com,1,1,9167,
factoring.mx,1,5,393947,
factoroptimo.com.mx,0,0,0,sin_contenido_util__escalar_a_capa_B_agentica
factorq.mx,1,4,9147,
factortaalku.mx,1,1,1431,
falconfinanciera.com,1,2,14601,
falgoventures.com,1,5,42236,
famf-cash.com,0,0,0,sin_contenido_util__escalar_a_capa_B_agentica
farefo.com,1,6,43635,
fasecapital.com,1,2,10427,
fast-trackbilling.com,0,0,0,sin_contenido_util__escalar_a_capa_B_agentica
fcoinsa.com.mx,1,5,34987,
fcorponavio.com,1,3,91475,
fcube.mx,0,0,0,sin_contenido_util__escalar_a_capa_B_agentica
fex-capital.com,0,0,0,sin_contenido_util__escalar_a_capa_B_agentica
fiagroup.com.mx,1,1,4479,
fibsco.mx,1,5,51772,
ficali.com.mx,0,0,0,sin_contenido_util__escalar_a_capa_B_agentica
ficomsasabinas.com.mx,0,0,0,sin_contenido_util__escalar_a_capa_B_agentica
ficorba.com,1,1,4174,
fidedigna.com.mx,1,5,32512,
fidegarante.com,0,0,0,sin_contenido_util__escalar_a_capa_B_agentica
fidezza.com,1,6,32141,
fidipec.mx,0,0,0,sin_contenido_util__escalar_a_capa_B_agentica
fifacgrupo.com,0,0,0,sin_contenido_util__escalar_a_capa_B_agentica
fimexcapital.com.mx,1,1,9958,
finacciona.com.mx,1,5,21056,
finacenenlinea.com,1,2,11582,
finactiv.com.mx,1,3,33842,
finades.mx,1,5,17333,
finae.com,0,0,0,sin_contenido_util__escalar_a_capa_B_agentica
finagil.com.mx,1,1,8854,
finagra.com.mx,1,3,13705,
finaliadelvalle.mx,1,2,41143,
finalianza.mx,1,5,22605,
finamax.com.mx,1,2,9337,
finamo.mx,1,5,56780,
financiamientoparabienestarydesarrollo.com,1,3,14956,
financiera-mariana.com.mx,1,4,36596,
financieraaltitud.com,1,5,9885,
financieraarbienestar.com.mx,1,2,4592,
financieraarga.com.mx,1,5,46532,
financierabajio.com.mx,0,0,0,sin_contenido_util__escalar_a_capa_B_agentica
financierabraxel.com,1,2,14515,
financieracultiva.com,1,5,18830,
financieracyborg.com.mx,1,1,728,
financieraemprendedores.com,1,3,27145,
financierafortaleza.com.mx,0,0,0,sin_contenido_util__escalar_a_capa_B_agentica
financieraganamostodos.com,1,3,42509,
financieragmx.com,0,0,0,sin_contenido_util__escalar_a_capa_B_agentica
financierahelios.com,1,1,397,
financierakaizen.com.mx,0,0,0,sin_contenido_util__escalar_a_capa_B_agentica
financierakatser.com.mx,1,5,26790,
financierakronos.com,1,5,27237,
financieramarjo.com.mx,0,0,0,sin_contenido_util__escalar_a_capa_B_agentica
financieramerkavan.com,1,5,31604,
financieramexisur.com,0,0,0,sin_contenido_util__escalar_a_capa_B_agentica
financierapacto.com,1,6,85906,
financierapremier.mx,1,5,21452,
financieraprovidencia.com,1,1,13448,
financieraquid.com,1,5,60007,
financierart.mx,1,5,23394,
financierasendai.com,1,5,41811,
financierasihusel.com.mx,1,1,1697,
financieratreszapotes.com,1,2,7310,
financieratv.com,1,4,19128,
financieravaler.com.mx,1,1,13096,
financiero2m.mx,1,5,32739,
finank.com.mx,1,5,68732,
finanmex.mx,1,2,15486,
finantra.mx,1,1,5623,
finanzasatulado.com,1,5,43806,
finatlas.com.mx,1,5,50204,
finbaja.com,1,1,5283,
finbeabc.com.mx,1,4,16824,
finbra.com,1,5,50522,
fincalia.com.mx,0,0,0,sin_contenido_util__escalar_a_capa_B_agentica
fincalo.com,1,5,39666,
fincalosa.com,0,0,0,sin_contenido_util__escalar_a_capa_B_agentica
fincea.com,1,1,18028,
fincentiva.com.mx,0,0,0,sin_contenido_util__escalar_a_capa_B_agentica
fincitri.com.mx,1,4,35682,
fincrece.com.mx,1,5,30338,
fincreer.com,0,0,0,sin_contenido_util__escalar_a_capa_B_agentica
fincris.com.mx,0,0,0,sin_contenido_util__escalar_a_capa_B_agentica
findeca.com.mx,1,1,8454,
findechmx.com,0,0,0,sin_contenido_util__escalar_a_capa_B_agentica
findep.mx,1,4,16803,
finef.mx,1,1,953,
finet.mx,1,5,31949,
fingar88.mx,1,1,2435,
fingo.com.mx,1,1,10458,
finh.mx,1,1,12081,
finix.mx,1,2,55136,
fink2.com.mx,0,0,0,sin_contenido_util__escalar_a_capa_B_agentica
finkapital.net,1,1,8362,
finkargo.com,1,5,93687,
finkpital.com,0,0,0,sin_contenido_util__escalar_a_capa_B_agentica
finlabor.mx,0,0,0,sin_contenido_util__escalar_a_capa_B_agentica
finleapcash.mx,1,5,51463,
finloop.com.mx,1,4,43534,
finox.com.mx,0,0,0,sin_contenido_util__escalar_a_capa_B_agentica
finpasofom.mx,1,1,3590,
finpo.com.mx,0,0,0,sin_contenido_util__escalar_a_capa_B_agentica
finprode.com,0,0,0,sin_contenido_util__escalar_a_capa_B_agentica
finrisefinanzas.com,0,0,0,sin_contenido_util__escalar_a_capa_B_agentica
finsanlla.mx,1,5,33207,
finstart.mx,0,0,0,sin_contenido_util__escalar_a_capa_B_agentica
fintegra.com.mx,0,0,0,sin_contenido_util__escalar_a_capa_B_agentica
finutil.com.mx,1,1,25458,
finvivir.com.mx,1,4,15710,
finwellcap.com,0,0,0,sin_contenido_util__escalar_a_capa_B_agentica
finxi.mx,0,0,0,sin_contenido_util__escalar_a_capa_B_agentica
finyaab.mx,1,5,39223,
finyteca.com,1,2,17153,
firmamexicana.com,0,0,0,sin_contenido_util__escalar_a_capa_B_agentica
firmezahmp.com,1,5,17685,
fisan.com.mx,1,6,40346,
fisatel.mx,0,0,0,sin_contenido_util__escalar_a_capa_B_agentica
fisinter.mx,1,5,57305,
fisocap.com.mx,1,2,4996,
fisurja.com,1,4,61748,
fitma.mx,1,5,65535,
flexcapital.lendus.mx,1,1,2096,
flexfincapital.com.mx,0,0,0,sin_contenido_util__escalar_a_capa_B_agentica
flup.com.mx,1,5,28305,
fluxfinanciera.com,1,4,45953,
fluye-financiera.com,1,5,27196,
fmexi.com,1,5,82412,
fomentamos.com.mx,1,5,51359,
fomentamxsofom.com,0,0,0,sin_contenido_util__escalar_a_capa_B_agentica
fondeo-horizonte.com,0,0,0,sin_contenido_util__escalar_a_capa_B_agentica
ford.mx,1,6,367526,
fortaleceservicios.com,1,6,16490,
fortalezaaguila.mx,1,3,91301,
fortalezaysoporteempresarial.com,0,0,0,sin_contenido_util__escalar_a_capa_B_agentica
fortrade.mx,1,1,25764,
forzafinanzas.com,0,0,0,sin_contenido_util__escalar_a_capa_B_agentica
fractalanalitica.com,0,0,0,sin_contenido_util__escalar_a_capa_B_agentica
framecorporativo.com.mx,0,0,0,sin_contenido_util__escalar_a_capa_B_agentica
frontcapitalmexico.com,0,0,0,sin_contenido_util__escalar_a_capa_B_agentica
ftepeyac.com.mx,1,4,72573,
futurandosapi.com,0,0,0,sin_contenido_util__escalar_a_capa_B_agentica
futuroexponencial.mx,1,5,38932,
fxloan.aqpay.io,1,3,12760,
g308.com.mx,1,3,6809,
gadita1.webnode.es,0,0,0,sin_contenido_util__escalar_a_capa_B_agentica
gahrwecapital.mx,0,0,0,sin_contenido_util__escalar_a_capa_B_agentica
gananciaconfiable.com,1,2,17539,
gasbelfinanciera.com,1,1,324,
gbm.com,1,1,26202,
gdcrece.com,1,5,30017,
gdm3.com.mx,1,5,20081,
geldcapital.mx,1,5,11766,
generandorlq.com,0,0,0,sin_contenido_util__escalar_a_capa_B_agentica
gestionacapital.mx,0,0,0,sin_contenido_util__escalar_a_capa_B_agentica
gestioneproduttiva.com.mx,1,3,12394,
getfairplay.com,1,6,155787,
gfiapoyo.com,1,1,85070,
gfimpulsa.mx,1,4,11506,
gfleon.com.mx,1,5,71447,
gfsksolution.com,0,0,0,sin_contenido_util__escalar_a_capa_B_agentica
ggfsmx.com,1,2,20901,
ghilbajio.com,1,6,24932,
gifom.com.mx,1,2,22256,
gifsa.com.mx,0,0,0,sin_contenido_util__escalar_a_capa_B_agentica
gioccidente.com,1,5,31527,
glnsofom.com,1,1,155,
globalcurrency.mx,1,1,28656,
globallending.com,1,2,9313,
gmcagrofin.com,1,1,3601,
gmfinancial.com.mx,1,1,12914,
gmmultisoluciones.com,1,1,2220,
gocredit.mx,1,5,73883,
goifin.com.mx,1,1,4719,
golconda.com.mx,0,0,0,sin_contenido_util__escalar_a_capa_B_agentica
goldfy.com.mx,1,2,8013,
gondealfinancial.com,1,2,38853,
grameencarso.com.mx,0,0,0,sin_contenido_util__escalar_a_capa_B_agentica
grameendelafrontera.org.mx,1,1,594,
granerosdelnorte.com,1,1,1873,
gratiamcapitale.com,0,0,0,sin_contenido_util__escalar_a_capa_B_agentica
greenlinemx.com,0,0,0,sin_contenido_util__escalar_a_capa_B_agentica
greyoak.mx,1,1,3203,
growing.com.mx,1,5,18095,
grupoabifinanciera.com,1,1,1482,
grupoalamos.com,1,5,32737,
grupobafar.com,1,1,8528,
grupocapem.com,1,6,52518,
grupocolorines.mx,1,5,71092,
grupodiam.com,1,5,35886,
grupofinfersa.com,1,5,34487,
grupogartelo.mx,0,0,0,sin_contenido_util__escalar_a_capa_B_agentica
grupojafel.com,0,0,0,sin_contenido_util__escalar_a_capa_B_agentica
grupolendmex.com,0,0,0,sin_contenido_util__escalar_a_capa_B_agentica
grupolipsi.com,1,2,19308,
grupoloscar.com,0,0,0,sin_contenido_util__escalar_a_capa_B_agentica
grupolunma.com,1,4,44486,
grupomdqr.mx,0,0,0,sin_contenido_util__escalar_a_capa_B_agentica
grupomsqr.com,1,5,29977,
grupopaquime.com.mx,1,1,10253,
grupopedex.mx,0,0,0,sin_contenido_util__escalar_a_capa_B_agentica
gruposacsa.com.mx,1,5,27066,
gruposades.com,1,6,33409,
gruposisfin.com.mx,0,0,0,sin_contenido_util__escalar_a_capa_B_agentica
gruposyma.mx,1,5,23278,
grupoxpress.com,1,1,7562,
guaita.cc,0,0,0,sin_contenido_util__escalar_a_capa_B_agentica
gueldinternacional.com,0,0,0,sin_contenido_util__escalar_a_capa_B_agentica
gueltsofom.com,1,5,21317,
gueralva.com,1,5,23788,
gzcapital.com.mx,1,4,14494,
habitussocial.com,1,5,20878,
hacercapital.com,1,1,6101,
handacapital.mx,0,0,0,sin_contenido_util__escalar_a_capa_B_agentica
hcreamas.mx,1,1,5037,
hda-soluciones.com,0,0,0,sin_contenido_util__escalar_a_capa_B_agentica
hdm1975.mx,1,1,3169,
hfinancierossofom.com,1,4,10077,
hikufi.com,0,0,0,sin_contenido_util__escalar_a_capa_B_agentica
himalia.mx,1,5,31111,
hipotecariafimex.com,0,0,0,sin_contenido_util__escalar_a_capa_B_agentica
hipotecariahogar.com,1,5,61312,
hirpyme.com,0,0,0,sin_contenido_util__escalar_a_capa_B_agentica
hirsoluciones.com,0,0,0,sin_contenido_util__escalar_a_capa_B_agentica
hkventuresofom.com,1,5,21425,
hmreit.com,1,5,40357,
holafintech.com,1,1,3819,
horusildumos.com,0,0,0,sin_contenido_util__escalar_a_capa_B_agentica
hoyporti.mx,1,1,1606,
hrh2022.com.mx,0,0,0,sin_contenido_util__escalar_a_capa_B_agentica
hsbkauli.com,1,3,7219,
hubness-sa.com,0,0,0,sin_contenido_util__escalar_a_capa_B_agentica
hunvital.mx,0,0,0,sin_contenido_util__escalar_a_capa_B_agentica
hwc.com.mx,1,1,17746,
icmdevelopers.com,1,2,3634,
ideasytecnologia.mx,1,5,19711,
idfinanciero.com,1,2,13455,
idisruption.mx,1,1,8682,
idisruptionlatam1.com.mx,1,1,5377,
idisruptionlatam2.com.mx,1,5,30264,
ifgsoluciones.mx,0,0,0,sin_contenido_util__escalar_a_capa_B_agentica
ifinan.com.mx,0,0,0,sin_contenido_util__escalar_a_capa_B_agentica
ifincapital.com.mx,0,0,0,sin_contenido_util__escalar_a_capa_B_agentica
ileasing.mx,1,3,23299,
imcodelbajio.com,0,0,0,sin_contenido_util__escalar_a_capa_B_agentica
impactoasg.com,0,0,0,sin_contenido_util__escalar_a_capa_B_agentica
imparablesofom.com,0,0,0,sin_contenido_util__escalar_a_capa_B_agentica
impes.com.mx,0,0,0,sin_contenido_util__escalar_a_capa_B_agentica
impetunegocios.com,1,2,11383,
impulsamex.mx,1,5,16776,
impulsandovalor.com,1,6,37025,
impulsarte.com.mx,0,0,0,sin_contenido_util__escalar_a_capa_B_agentica
impulsasofom.com,1,1,16282,
impulsatuganancia.com,1,1,5339,
impulso-mas.com,1,6,31425,
impulsocreativosofom.com.mx,1,3,9995,
impulsoea.com.mx,1,5,45158,
impulsofinanciero.com.mx,1,5,29402,
impulsoproexpansion.com.mx,0,0,0,sin_contenido_util__escalar_a_capa_B_agentica
impulsora-pad.com,0,0,0,sin_contenido_util__escalar_a_capa_B_agentica
impulsorafinanciera.com,1,5,54435,
impulsoraprodeco.com,1,4,23477,
impulsoregional.com,1,5,10488,
impulsoyprosperidad.com,1,4,10834,
in-credit.com.mx,1,5,41125,
inclusionhipotecaria.com,1,5,40155,
increc.com,1,1,605,
incrementandotupatriminio.mx,0,0,0,sin_contenido_util__escalar_a_capa_B_agentica
incrementopolo.com,0,0,0,sin_contenido_util__escalar_a_capa_B_agentica
increscendomexico.com,1,5,39388,
indentro.com,1,5,37592,
indeprom.mx,0,0,0,sin_contenido_util__escalar_a_capa_B_agentica
infratek.mx,1,2,18410,
iniciativacomosi.com.mx,0,0,0,sin_contenido_util__escalar_a_capa_B_agentica
inmediprest.com.mx,1,1,8820,
innovacartera.com,0,0,0,sin_contenido_util__escalar_a_capa_B_agentica
innovacionliquidez.com,0,0,0,sin_contenido_util__escalar_a_capa_B_agentica
innovacredit.com,1,2,9736,
innovateursofom.com.mx,1,1,5410,
inspiranegocios.com,1,5,21150,
integra-arrenda.com,1,5,123295,
integridadfinanciera.com,1,1,6729,
intercambiosbajasur.com,1,5,40438,
intermediariaragalo.com,1,4,23846,
intermercado.mx,1,5,54320,
intersom.online,1,5,28308,
inventafinance.mx,0,0,0,sin_contenido_util__escalar_a_capa_B_agentica
inventafinancial.mx,1,1,16174,
invex.com,1,1,14396,
inyecta.com.mx,1,5,43932,
ion.com.mx,0,0,0,sin_contenido_util__escalar_a_capa_B_agentica
ipcfinanciera.com,0,0,0,sin_contenido_util__escalar_a_capa_B_agentica
iqwb.mx,1,2,21679,
isacapsolutions.com,0,0,0,sin_contenido_util__escalar_a_capa_B_agentica
jasafi.com,1,2,5482,
javer.com.mx,1,4,135702,
jdcmsofom.com.mx,1,1,15463,
jjbeyond.com,1,1,6329,
jovacapital.com,1,6,41970,
joylend.mx,1,3,18918,
junomxcapital.com,1,1,2673,
juntosfinanciera.mx,1,6,96396,
justoalamedida.com,1,1,25737,
kailashfinanciera.com.mx,1,6,39327,
kaitzsofom.com,0,0,0,sin_contenido_util__escalar_a_capa_B_agentica
kampala.com.mx,0,0,0,sin_contenido_util__escalar_a_capa_B_agentica
kandeofund.com,1,5,31193,
kanfinanciera.com.mx,1,2,28123,
kapitalfinanciera.com,1,4,11926,
kapitalflex.mx,1,4,39925,
kapitaliza.mx,1,2,14269,
kapitalizer.mx,1,1,9855,
karilocredit.com,1,1,9442,
karyworld.com,0,0,0,sin_contenido_util__escalar_a_capa_B_agentica
kcmalliancegroup.com,0,0,0,sin_contenido_util__escalar_a_capa_B_agentica
keoworld.com,1,1,9946,
ketterafs.com.mx,0,0,0,sin_contenido_util__escalar_a_capa_B_agentica
kinesiscatalitica.com,0,0,0,sin_contenido_util__escalar_a_capa_B_agentica
kippon.mx,1,1,3397,
kishon.com.mx,1,3,12682,
kodyfns.com,0,0,0,sin_contenido_util__escalar_a_capa_B_agentica
kolibriverde.mx,1,1,3792,
komatsu.com,1,6,99040,
komonii.mx,1,5,25867,
kondinero.com,1,5,26482,
konektamex.com,0,0,0,sin_contenido_util__escalar_a_capa_B_agentica
konfio.mx,1,2,31586,
konkefin.com,0,0,0,sin_contenido_util__escalar_a_capa_B_agentica
korumcapital.com,0,0,0,sin_contenido_util__escalar_a_capa_B_agentica
kotinos.mx,1,1,4892,
kredfeed.com,1,5,45640,
kredi.mx,1,3,5885,
krediqro.com,1,4,35170,
kronosfin.com.mx,0,0,0,sin_contenido_util__escalar_a_capa_B_agentica
krp.mx,1,6,78587,
kscredit.com.mx,1,1,3806,
kualinet.com,1,2,39142,
kueski.com,1,4,110131,
kvellchi.com.mx,1,5,35854,
laabundanciaenti.com,1,5,29900,
laadsa.com,1,4,21992,
lafin.mx,1,1,17169,
lanadigital.mx,1,5,109532,
lanahora.com,1,1,4048,
lanamovil.net,1,5,62055,
latincreasofom.com,1,6,10966,
laudex.mx,1,4,57507,
lbbw.de,1,2,149771,
lcliquidezcorporativa.com.mx,1,1,19452,
leasenowmx.com,0,0,0,sin_contenido_util__escalar_a_capa_B_agentica
leasingtim.mx,1,1,5676,
leasy.com.mx,1,1,8406,
lefimc.com,1,2,14029,
legacyinversiones.com,0,0,0,sin_contenido_util__escalar_a_capa_B_agentica
legadocuauhtemoc.com.mx,1,5,18237,
lemadcapital.com,1,1,3307,
lemonademex.com,0,0,0,sin_contenido_util__escalar_a_capa_B_agentica
lendo.com.mx,1,5,22915,
lepezo.com.mx,0,0,0,sin_contenido_util__escalar_a_capa_B_agentica
letgoempresarialmx.com,0,0,0,sin_contenido_util__escalar_a_capa_B_agentica
lexintel.mx,1,3,12496,
liberacre.com,1,5,67781,
lif.com.mx,1,1,9065,
lima-yedi.com,0,0,0,sin_contenido_util__escalar_a_capa_B_agentica
lime24.mx,1,2,10944,
lion-ward.com,1,5,34298,
liquick.com.mx,1,1,14291,
liquidex.com.mx,1,5,46359,
liquidezexpress.com,1,4,38673,
liquideztotal-sa.com,0,0,0,sin_contenido_util__escalar_a_capa_B_agentica
livra.mx,1,3,12109,
llatyventures.com,0,0,0,sin_contenido_util__escalar_a_capa_B_agentica
lografinanciamientos.com,1,1,3416,
lograycrece.com,0,0,0,sin_contenido_util__escalar_a_capa_B_agentica
lown.com.mx,0,0,0,sin_contenido_util__escalar_a_capa_B_agentica
lukasekiz.com,1,1,314,
lumofinancieradelcentro.com,1,2,13099,
lurok.mx,1,5,30143,
maedelgolfo.com.mx,1,2,74868,
magnocreditointegral.com.mx,1,4,138813,
mak3celular.com,1,3,60733,
maosafinancial.com.mx,1,1,15147,
maremifacilidades.com,1,2,9323,
maskapital.mx,1,5,148451,
masnomina.com.mx,1,1,13310,
mastercash.com.mx,1,5,10922,
masxmenos.mx,1,1,728,
mattilda.io,1,5,156339,
maxcapitalmex.com,1,6,50373,
maxiconfianza.com.mx,1,1,184,
maxicredito.mx,1,1,176,
maxivale.mx,1,1,2264,
maydef.mx,1,5,13908,
mbcopeninsular.com,0,0,0,sin_contenido_util__escalar_a_capa_B_agentica
mediadoraprp.com,1,1,6248,
meiica.com,1,5,32119,
mendel.com,1,6,119147,
merama.io,1,5,52511,
mercader.mx,1,5,70800,
metacapfinanciera.com,1,4,23340,
metafinanciera.com,0,0,0,sin_contenido_util__escalar_a_capa_B_agentica
metapatrimonio.com,1,1,10529,
metrocapital.com.mx,0,0,0,sin_contenido_util__escalar_a_capa_B_agentica
metrofinanciera.com.mx,1,2,44554,
mexcapital.com.mx,1,4,11005,
mexdin.mx,0,0,0,sin_contenido_util__escalar_a_capa_B_agentica
mexfin.com.mx,1,1,8905,
mexsof.com,1,1,4704,
mhmcapital.mx,1,3,17086,
microcredit.com.mx,0,0,0,sin_contenido_util__escalar_a_capa_B_agentica
microssur.com.mx,1,4,10915,
midemi.com.mx,0,0,0,sin_contenido_util__escalar_a_capa_B_agentica
midinerito.mx,1,2,9017,
mifel.com.mx,1,3,41456,
miosolutions.com.mx,0,0,0,sin_contenido_util__escalar_a_capa_B_agentica
mipymex.mx,0,0,0,sin_contenido_util__escalar_a_capa_B_agentica
miqueas.com.mx,1,4,17126,
mirafinanciera.com,1,5,22103,
mizrafin.com,1,3,34079,
mmfinanciera.com,1,5,21563,
mnjcapital.com.mx,1,1,381,
mon.com.mx,1,4,38417,
monato.com,1,4,54977,
moneygiver.xyz,0,0,0,sin_contenido_util__escalar_a_capa_B_agentica
moneyman.com.mx,1,1,18167,
montocredi.com,1,2,14828,
moskalti.com,1,1,2318,
moychimallimx.com,0,0,0,sin_contenido_util__escalar_a_capa_B_agentica
mpfinancialcapital.com,1,2,7943,
mreit.mx,1,2,12334,
mrpresta.com,1,5,39975,
msffinanciera.com.mx,0,0,0,sin_contenido_util__escalar_a_capa_B_agentica
multi-capital.com.mx,1,5,24982,
multiplicandoxbien.com,1,5,49870,
mvscsolutions.com.mx,0,0,0,sin_contenido_util__escalar_a_capa_B_agentica
mx-sunpor.com,1,1,3691,
myo.mx,1,1,14736,
nadbank.org,1,6,76772,
naica.com,0,0,0,sin_contenido_util__escalar_a_capa_B_agentica
navepol.webnode.page,0,0,0,sin_contenido_util__escalar_a_capa_B_agentica
ndmsofom.com.mx,0,0,0,sin_contenido_util__escalar_a_capa_B_agentica
negocios-financieros.com,0,0,0,sin_contenido_util__escalar_a_capa_B_agentica
negociosatualcance.com.mx,1,1,8012,
negociosdeipanema.com,0,0,0,sin_contenido_util__escalar_a_capa_B_agentica
newlife.com.mx,1,5,12258,
newportfinancial.mx,1,5,90887,
nextfin.com.mx,1,5,20230,
nietofin.com.mx,1,3,21887,
nirika.com.mx,1,1,433,
niubbesofom.com,1,5,21385,
nolanmx.com,1,1,11618,
nomi-fin.com,1,3,12232,
nominom.com.mx,1,2,48621,
norhol.com.mx,1,6,47697,
noriat.com,1,2,10032,
novasqone.com,1,4,31913,
nowports.com,1,2,24401,
nucleopotencias.mx,1,2,9829,
nuestroapoyo.com,1,1,6450,
nyp.com.mx,1,2,14923,
nyxus.mx,1,1,16079,
octopus-balloon.com,0,0,0,sin_contenido_util__escalar_a_capa_B_agentica
oktogonter.com,0,0,0,sin_contenido_util__escalar_a_capa_B_agentica
olimposofom.com,1,5,12148,
olsoncapital.com.mx,1,5,24928,
olufin.com,1,2,9928,
omakool.com.mx,1,2,20884,
omtfinancial.com.mx,1,5,6431,
onixfinanciera.mx,0,0,0,sin_contenido_util__escalar_a_capa_B_agentica
opcionatumedida.com.mx,1,2,3387,
opcionefectiva.com,1,1,2797,
opcionessacimex.com,1,2,14068,
opcipres.com.mx,1,4,15618,
opcr.mx,1,2,12409,
operacionesasc.com,0,0,0,sin_contenido_util__escalar_a_capa_B_agentica
operadoraemisare.com.mx,1,1,3810,
operadoraprespen.com,0,0,0,sin_contenido_util__escalar_a_capa_B_agentica
operadoraprocea.com,1,2,11962,
oporfin.mx,1,2,13190,
oportunidadtupatrimonio.com.mx,1,5,37921,
oportunifyloan.com,0,0,0,sin_contenido_util__escalar_a_capa_B_agentica
opportunity.com.mx,1,5,25433,
optimalempire.mx,1,4,26155,
optsistemas.com,0,0,0,sin_contenido_util__escalar_a_capa_B_agentica
oquetza.com,1,4,37904,
organizacionsoriana.com,0,0,0,sin_contenido_util__escalar_a_capa_B_agentica
osamel.com,1,2,6130,
pacada.com.mx,1,5,22973,
palinkasofom.com,1,2,11854,
palmlending.com.mx,1,5,28103,
paracrecer.mx,1,6,25169,
paratodocredito.com,1,1,441,
pasefi.mx,1,5,26230,
patmil.com.mx,1,2,12201,
patrimonio.com.mx,1,1,7593,
patrimonioysolidez.com.mx,1,5,14501,
paya.com.mx,1,2,6752,
payjoy.com,1,4,46148,
pbcnasofom.com,1,5,37733,
pbf.uno,1,5,24930,
pchcapital.mx,1,1,9362,
pdn1.com.mx,1,5,29524,
pensionesymas.com,1,3,13209,
pesoapeso.com.mx,0,0,0,sin_contenido_util__escalar_a_capa_B_agentica
petramare.com.mx,1,5,12689,
petrolending.com.mx,1,5,12707,
pfesa.com.mx,1,5,12169,
pidamas.com,1,1,26376,
pimx.com.mx,1,5,34635,
pintostrading.com.mx,1,5,19843,
pistmx.com,0,0,0,sin_contenido_util__escalar_a_capa_B_agentica
piticcapital.com.mx,1,6,58796,
plaincapital.mx,1,2,11017,
plancredi.com,1,5,16164,
plus.com.mx,1,1,6983,
podemos.mx,1,2,12829,
polymathv.com,1,1,7919,
potenciafinanciera.mx,1,5,29729,
pre15na.com.mx,1,1,11648,
prediama.mx,0,0,0,sin_contenido_util__escalar_a_capa_B_agentica
preferencecapital.me,1,6,53328,
premierestrategia.com,1,2,5474,
premolti.mx,1,5,43045,
prestabit.com.mx,1,2,4973,
prestacionessure.com,1,3,18011,
prestamaz.mx,1,1,8453,
prestamomarket.com,1,1,19942,
prestamosexpeditos.com.mx,1,5,28625,
prestamosyes.com,1,4,58322,
prestasimple.mx,1,1,6929,
prestatux.com.mx,1,3,16981,
prestiquick.com.mx,1,2,7212,
prestoclaro.com,1,5,78954,
prestomaticgdl.com,1,1,9474,
prestua.com,1,1,3919,
pretmex.com,1,5,37587,
prevol.com.mx,1,5,40632,
pricingklug.com.mx,1,1,7134,
principiafuturo.com.mx,1,3,75076,
privesasofom.mx,0,0,0,sin_contenido_util__escalar_a_capa_B_agentica
proaktiva.com.mx,1,4,31975,
procredito.mx,1,6,99798,
profesionalesdebanderilla.com,0,0,0,sin_contenido_util__escalar_a_capa_B_agentica
profia.mx,1,5,14591,
profimex.com.mx,0,0,0,sin_contenido_util__escalar_a_capa_B_agentica
profitup.mx,1,4,23267,
prolevercapital.com,0,0,0,sin_contenido_util__escalar_a_capa_B_agentica
prologis.mx,1,6,197689,
promocash.org,1,6,27390,
promotoraprofile.com,1,2,8079,
promoviendotufuturo.com,1,5,21334,
promujer.mx,1,1,10881,
propelkap.com,1,5,22044,
prorsum.com.mx,1,4,48272,
prosef.mx,1,2,20162,
prospera-pluskptl.com,0,0,0,sin_contenido_util__escalar_a_capa_B_agentica
prosperemos.com.mx,1,1,5463,
prosperidadatualcance.com,1,1,14632,
prosperus.mx,1,2,6629,
prosumacapital.com,1,4,17636,
proteccionquo3.com,0,0,0,sin_contenido_util__escalar_a_capa_B_agentica
proveloz.com,1,2,28445,
proyeccion.com.mx,1,5,24043,
proyectasinfronteras.com,1,2,6677,
puntocima.mx,1,5,20862,
puntocla-b.com,0,0,0,sin_contenido_util__escalar_a_capa_B_agentica
qcapital.mx,1,2,19286,
qcsolucionesfinancieras.com,0,0,0,sin_contenido_util__escalar_a_capa_B_agentica
qfsfinanciera.com,1,5,20608,
qredio.com,1,6,67131,
quaestumsofom.com,1,5,10454,
quantiaindustrial.com,1,4,18564,
quanticcapital.com.mx,0,0,0,sin_contenido_util__escalar_a_capa_B_agentica
quantum-lion.com,0,0,0,sin_contenido_util__escalar_a_capa_B_agentica
quarkintl.mx,1,2,3927,
quickcap.com.mx,1,6,57039,
quierobillete.com.mx,1,4,37724,
quieroganar.mx,1,1,2921,
raisefinancial.mx,1,1,13146,
rapiditomexlg.com,0,0,0,sin_contenido_util__escalar_a_capa_B_agentica
rasesu.com,0,0,0,sin_contenido_util__escalar_a_capa_B_agentica
rayitomoney.com,1,1,26599,
rdacapital.com,1,4,6291,
reale.mx,1,1,2002,
redde.mx,1,2,14305,
redfortalecimientoempresarial.com,1,4,27526,
redhezpromads.com,0,0,0,sin_contenido_util__escalar_a_capa_B_agentica
redpoll.com.mx,0,0,0,sin_contenido_util__escalar_a_capa_B_agentica
refacil.com.mx,1,2,16291,
regi-world.com,1,1,8924,
regiocapitalmx.com,0,0,0,sin_contenido_util__escalar_a_capa_B_agentica
regiocash.com.mx,1,1,9382,
registrodeenvasesofom.com,0,0,0,sin_contenido_util__escalar_a_capa_B_agentica
renacesdiaadia.com,0,0,0,sin_contenido_util__escalar_a_capa_B_agentica
rendiagilmx.com,1,4,51823,
rendisof.com,1,5,5924,
rentamigo.mx,1,3,34746,
repucot.com.mx,1,1,110,
rexfinancial.mx,1,2,2927,
rfinsofom.com.mx,1,1,5633,
rgcapital.com.mx,1,5,19650,
robsancreandovalor.com,1,5,25067,
rodalatam.mx,1,5,26617,
roshfin.com,1,2,17975,
royalpocket.com,1,5,23899,
rpardo.com.mx,1,5,33522,
rpsofom.com,1,1,5177,
rsfinancieros.com.mx,0,0,0,sin_contenido_util__escalar_a_capa_B_agentica
rumhinriki.com,0,0,0,sin_contenido_util__escalar_a_capa_B_agentica
sabupen.webnode.mx,1,3,6046,
sacogo.com.mx,1,5,33035,
sade.mx,1,4,44588,
saharacapital.com.mx,1,1,13927,
saharafinancemx.com,1,3,61800,
saison-international.com,1,1,98,
saldoamigo.com,1,2,29064,
saletaazteca.com,0,0,0,sin_contenido_util__escalar_a_capa_B_agentica
santander.com.mx,1,6,67543,
saveprestamos.com.mx,1,1,15673,
scania.com,1,6,271644,
sda-tapoya.mx,1,2,6757,
seamossocios.com.mx,1,4,25480,
sectoresprimarios.com.mx,1,3,12101,
sedueno.com.mx,1,4,60443,
seed.mx,1,5,36261,
sefiamexico.com,1,6,127159,
sefifinanciera.com,1,4,41818,
sefinom.com.mx,0,0,0,sin_contenido_util__escalar_a_capa_B_agentica
sefipade.mx,1,1,496,
sejurefid.com,1,1,6028,
selefectivo.com.mx,1,5,23726,
sembrador.com.mx,0,0,0,sin_contenido_util__escalar_a_capa_B_agentica
sentaurusmayab.com,1,6,27266,
serathfinanzas.com,0,0,0,sin_contenido_util__escalar_a_capa_B_agentica
sereniacredit.com,1,2,15174,
serfi.com.mx,1,5,31279,
serfimexcapital.com.mx,1,1,11292,
serviciosagromex.com.mx,1,1,12128,
serviciosfinmx.com,0,0,0,sin_contenido_util__escalar_a_capa_B_agentica
serviciosgogan.com,0,0,0,sin_contenido_util__escalar_a_capa_B_agentica
sesf.com.mx,1,3,6791,
sfgdgo.com,1,2,21211,
sfisofom.com.mx,1,4,39584,
sfk.com.mx,1,4,20545,
sialia.mx,1,3,8700,
sicacredit.com.mx,1,2,10111,
siconfiamos.com.mx,1,5,15094,
sicuento.com,0,0,0,sin_contenido_util__escalar_a_capa_B_agentica
sidegan.com,1,2,36542,
sidert.com.mx,1,5,33467,
siemens.com,1,1,45467,
siempreefectivo.com.mx,0,0,0,sin_contenido_util__escalar_a_capa_B_agentica
sifactor.com,1,5,68363,
sifinanciera.com,0,0,0,sin_contenido_util__escalar_a_capa_B_agentica
signogroup.mx,1,1,41026,
silverfc.mx,1,1,3881,
simpli.mx,1,5,28677,
sinaloapositivo.com.mx,0,0,0,sin_contenido_util__escalar_a_capa_B_agentica
sinapsis-rural.com,1,1,4683,
sinergiafinanciera.com.mx,1,4,17585,
sinergiafinancieraalev.com,1,5,27614,
sinergiaflg.com.mx,1,5,35302,
sisacoa.com,0,0,0,sin_contenido_util__escalar_a_capa_B_agentica
sisufinanciera.com,1,1,3857,
sitespay.mx,1,1,7635,
sitiansocios.com,0,0,0,sin_contenido_util__escalar_a_capa_B_agentica
sixel.app,1,6,22982,
siyafinanciera.com,0,0,0,sin_contenido_util__escalar_a_capa_B_agentica
sjt.com.mx,1,3,15115,
slana.mx,1,5,51833,
sltsservicios.com,1,5,31551,
smartgain.mx,1,1,10540,
smbcgroup.com,0,0,0,sin_contenido_util__escalar_a_capa_B_agentica
smuga.com.mx,1,5,16989,
sociedadfinancieraalpura.com,0,0,0,sin_contenido_util__escalar_a_capa_B_agentica
sociosedarf.com,1,5,22738,
sociosedfessa.com,0,0,0,sin_contenido_util__escalar_a_capa_B_agentica
sodacapital.mx,1,2,23959,
sofagro.com.mx,1,5,44403,
sofimas.com,1,1,10151,
sofipa.org.mx,1,5,68376,
sofipaz.com,1,3,15830,
sofir.com.mx,1,6,24553,
sofnex.com.mx,1,2,15175,
sofom.inbursa.com,1,4,30753,
sofomanec.com.mx,1,1,11904,
sofomcomunitaria.com,1,1,3959,
sofomgry.com,1,2,11038,
sofomsoluciones.com.mx,1,3,29218,
sofortaleza.com,1,5,44664,
soldicapital.com.mx,1,1,317,
solfin.mx,1,1,2624,
solidcash.com.mx,0,0,0,sin_contenido_util__escalar_a_capa_B_agentica
solidezgfa.com.mx,0,0,0,sin_contenido_util__escalar_a_capa_B_agentica
solpay-sofom.com,0,0,0,sin_contenido_util__escalar_a_capa_B_agentica
soluciones-financieras.com.mx,1,2,17351,
solucionescocrea.mx,1,6,88556,
solucionesintegralescalcoleg.com,0,0,0,sin_contenido_util__escalar_a_capa_B_agentica
solucioneska.com.mx,1,5,60069,
solucionesmultiples.com.mx,1,2,9823,
solucionesoportunas.com.mx,1,4,34015,
solucrea.com.mx,0,0,0,sin_contenido_util__escalar_a_capa_B_agentica
solufex.com.mx,1,5,42583,
solugob.com.mx,1,5,16662,
solvantia.com,1,1,30656,
solve.com.mx,1,1,5945,
solvefinanciera.com,1,2,22175,
solvenciacapital.com,0,0,0,sin_contenido_util__escalar_a_capa_B_agentica
solvendom.com,1,6,94579,
solvento.ai,1,3,54817,
solvimas.com,1,2,47469,
somostusoporte.com,1,1,2529,
sophomon.com,0,0,0,sin_contenido_util__escalar_a_capa_B_agentica
soporteimpulsa.com,1,4,23703,
sotiderc.com,1,2,11717,
spdynamicmx.com,0,0,0,sin_contenido_util__escalar_a_capa_B_agentica
spenda-sapi.com,0,0,0,sin_contenido_util__escalar_a_capa_B_agentica
sphfinanciera.com,1,3,18418,
splitvalue-sa.com,0,0,0,sin_contenido_util__escalar_a_capa_B_agentica
ssfinanciera.com,1,1,5207,
startbanregio.com,1,1,4840,
steelfactoring.com,1,2,11059,
stellantisfinancial.mx,1,5,83730,
stilakrediya.mx,0,0,0,sin_contenido_util__escalar_a_capa_B_agentica
sufinc.mx,1,1,7389,
sufirma.com.mx,1,3,12773,
sumaexpress.com.mx,1,1,5793,
sumafin.com,1,1,368,
suneco.mx,1,6,22692,
suneconomia.com,1,4,53418,
sunemcapital.com,1,4,21204,
superaprestamos.com.mx,1,2,34446,
superavitfin.com,1,4,35153,
sustentableryr.com,1,1,12423,
swell.mx,1,1,4231,
swipesa-sa.com,0,0,0,sin_contenido_util__escalar_a_capa_B_agentica
takedefimx.com,0,0,0,sin_contenido_util__escalar_a_capa_B_agentica
talamobile.mx,1,6,98429,
talipotcapital.com,1,1,8681,
tamogisofom.com,1,1,9129,
tanewisofom.com,1,5,20752,
taveron.com,0,0,0,sin_contenido_util__escalar_a_capa_B_agentica
tcumplimos.com,0,0,0,sin_contenido_util__escalar_a_capa_B_agentica
tecnimr.com,1,4,14180,
tedamoslana.com.mx,0,0,0,sin_contenido_util__escalar_a_capa_B_agentica
templecapital.com.mx,1,1,8435,
tenmas.com.mx,1,6,57498,
terespaldamos.com,1,4,33429,
thain-credit.com,1,2,13499,
thalerstandard.com,0,0,0,sin_contenido_util__escalar_a_capa_B_agentica
theoutdoorsfinancil.com,0,0,0,sin_contenido_util__escalar_a_capa_B_agentica
tipmexico.com,0,0,0,sin_contenido_util__escalar_a_capa_B_agentica
tiveg.com,1,4,31132,
tmf-group.com,0,0,0,sin_contenido_util__escalar_a_capa_B_agentica
tmxfinanciera.com.mx,0,0,0,sin_contenido_util__escalar_a_capa_B_agentica
tolfin.com.mx,1,5,50307,
tonalliprestamos.com,0,0,0,sin_contenido_util__escalar_a_capa_B_agentica
torrubia.mx,1,1,14576,
total-money.com.mx,1,3,9797,
totalfin.mx,1,5,18424,
totemprestamos.mx,1,4,46175,
tpfmexico.mx,1,1,4489,
tprestamos.com.mx,1,5,18429,
tranquilidadasertiva.mx,1,1,13090,
translift.com.mx,0,0,0,sin_contenido_util__escalar_a_capa_B_agentica
trasierra.com.mx,1,6,41931,
tratonfs.com.mx,1,4,30278,
treo.mx,1,1,10982,
tribuscapital.com.mx,1,1,4141,
trinitas.mx,1,5,61165,
tropress.com.mx,0,0,0,sin_contenido_util__escalar_a_capa_B_agentica
truelend.mx,1,1,1853,
tryjeeves.com,1,5,5646892,
tsedi.com.mx,1,4,9023,
tsobra.com,0,0,0,sin_contenido_util__escalar_a_capa_B_agentica
tuabonoencuenta.com,1,5,43266,
tucafi.com,1,1,5796,
tuiio.com.mx,0,0,0,sin_contenido_util__escalar_a_capa_B_agentica
tuvaquitafinanciera.com.mx,0,0,0,sin_contenido_util__escalar_a_capa_B_agentica
tuvilar.com,0,0,0,sin_contenido_util__escalar_a_capa_B_agentica
ubestructure.com,1,2,11220,
uccosertur.com.mx,1,4,12261,
ufimas.com,0,0,0,sin_contenido_util__escalar_a_capa_B_agentica
ugrch.org,1,5,80929,
ultradinero.mx,1,2,45309,
undigitomas.com,1,5,99020,
unicredik.com,1,1,10085,
unicredit.com.mx,1,6,14001,
unicredix.com,0,0,0,sin_contenido_util__escalar_a_capa_B_agentica
unificcom.com,1,4,14774,
unisofom.mx,1,3,11194,
unlimitleasing.com,0,0,0,sin_contenido_util__escalar_a_capa_B_agentica
urieos.com,1,1,43273,
usacredit.com.mx,1,1,19066,
va-financiera.mx,1,2,12825,
valuby.com.mx,1,5,45123,
value.com.mx,1,5,17249,
vammigrante.com,1,1,256,
vamosamejorar.com,1,1,10653,
vandelier.com,0,0,0,sin_contenido_util__escalar_a_capa_B_agentica
varodamx.com,0,0,0,sin_contenido_util__escalar_a_capa_B_agentica
velocredito.mx,0,0,0,sin_contenido_util__escalar_a_capa_B_agentica
vemovilidad.com,1,1,19712,
vepormas.com,1,1,25774,
vercapital.mx,1,3,27403,
verticesoluciones.com.mx,0,0,0,sin_contenido_util__escalar_a_capa_B_agentica
verticevillahermosa.com,1,3,45042,
vfcfinancial.com.mx,1,1,6472,
vfkfortalece.com,0,0,0,sin_contenido_util__escalar_a_capa_B_agentica
vfmexico.net,1,6,49621,
vidafin.com,1,5,25758,
viena360.com,0,0,0,sin_contenido_util__escalar_a_capa_B_agentica
vifin.mx,1,5,23476,
vigokapital.mx,0,0,0,sin_contenido_util__escalar_a_capa_B_agentica
vigorcapital.com.mx,0,0,0,sin_contenido_util__escalar_a_capa_B_agentica
vigoriscapital.com,1,2,10614,
vimifos.com,1,4,100890,
vinlasofom.com,1,3,8650,
vipoga.com,0,0,0,sin_contenido_util__escalar_a_capa_B_agentica
visetcertus.com,1,4,50907,
vitalprogreso.com,0,0,0,sin_contenido_util__escalar_a_capa_B_agentica
vivalia.mx,1,5,33334,
vivaz.mx,1,5,36776,
vivus.com.mx,1,4,60223,
volvofinancialservices.com,1,1,15538,
vorticecapital.com,1,1,7659,
vulturcapital.com,0,0,0,sin_contenido_util__escalar_a_capa_B_agentica
walmartmexico.com,1,6,51187,
watu.com,1,5,54621,
weblett.com.mx,0,0,0,sin_contenido_util__escalar_a_capa_B_agentica
wecome.mx,1,6,46115,
wesharego.mx,1,4,12664,
wetopfinance.com,0,0,0,sin_contenido_util__escalar_a_capa_B_agentica
wisementpresta.com,0,0,0,sin_contenido_util__escalar_a_capa_B_agentica
wiserfinanciera.com,1,4,15870,
wiseyesofom.com,0,0,0,sin_contenido_util__escalar_a_capa_B_agentica
wolfmexico.com,0,0,0,sin_contenido_util__escalar_a_capa_B_agentica
workcap.com.mx,1,4,23821,
xavercapital.com,1,5,50480,
xcmgglobal.com,1,1,27622,
xepelin.com,0,0,0,sin_contenido_util__escalar_a_capa_B_agentica
ximple.co,0,0,0,sin_contenido_util__escalar_a_capa_B_agentica
xpread.mx,1,3,15989,
xrisolempresarial.com,0,0,0,sin_contenido_util__escalar_a_capa_B_agentica
xure.mx,1,5,55484,
yave.mx,1,1,20980,
yavocapital.com,1,1,317,
ydpay.mx,0,0,0,sin_contenido_util__escalar_a_capa_B_agentica
yuhu.mx,0,0,0,sin_contenido_util__escalar_a_capa_B_agentica
zendere.com,0,0,0,sin_contenido_util__escalar_a_capa_B_agentica
zonaplatamx.com,0,0,0,sin_contenido_util__escalar_a_capa_B_agentica
zumpt-sa.com,0,0,0,sin_contenido_util__escalar_a_capa_B_agentica
zuritaconsultores.com.mx,0,0,0,sin_contenido_util__escalar_a_capa_B_agentica
